{"cameraMode":{"drawMode":0,"name":"Shaded","section":"Shading Mode"},"sceneLighting":false,"audioPlay":false,"sceneViewState":{"showFog":true,"showMaterialUpdate":false,"showSkybox":true,"showFlares":true,"showImageEffects":true,"showParticleSystems":true},"in2DMode":false,"pivot":{"x":0.87052321434021,"y":1.1607823371887208,"z":-1.2046475410461426},"rotation":{"x":0.1327623575925827,"y":0.3014395833015442,"z":-0.04237232729792595,"w":0.94329434633255},"size":4.747200965881348,"orthographic":false}