{"cameraMode":{"drawMode":0,"name":"Shaded","section":"Shading Mode"},"sceneLighting":false,"audioPlay":false,"sceneViewState":{"showFog":true,"showMaterialUpdate":false,"showSkybox":true,"showFlares":true,"showImageEffects":true,"showParticleSystems":true},"in2DMode":false,"pivot":{"x":0.87052321434021,"y":1.1607823371887208,"z":-1.2046475410461426},"rotation":{"x":0.132756307721138,"y":0.30142584443092348,"z":-0.042370397597551349,"w":0.9432513117790222},"size":8.347203254699707,"orthographic":false}